{"cameraMode":{"drawMode":0,"name":"Shaded","section":"Shading Mode"},"sceneLighting":true,"audioPlay":false,"sceneViewState":{"showFog":false,"showMaterialUpdate":false,"showSkybox":false,"showFlares":false,"showImageEffects":false,"showParticleSystems":false},"in2DMode":false,"pivot":{"x":0.000011444091796875,"y":-0.9214973449707031,"z":-0.0000152587890625},"rotation":{"x":0.24957126379013062,"y":0.173745796084404,"z":-0.04556871950626373,"w":0.9515547752380371},"size":10.0,"orthographic":false}