{"cameraMode":{"drawMode":0,"name":"Shaded","section":"Shading Mode"},"sceneLighting":false,"audioPlay":false,"sceneViewState":{"showFog":false,"showMaterialUpdate":false,"showSkybox":false,"showFlares":false,"showImageEffects":false,"showParticleSystems":false},"in2DMode":false,"pivot":{"x":1.7881393432617188e-7,"y":1.2173445224761963,"z":-0.0738823413848877},"rotation":{"x":-0.13893911242485047,"y":-0.7817023396492004,"z":0.18782976269721986,"w":-0.5782474875450134},"size":1.9156256914138795,"orthographic":false}